"personal_data_id","document_type","document_num","date_of_birth","name","surname","patronymic"
1,'Passport',919803388,"1984-04-02",'Jerrold','Rau','Jess'
2,'Passport',274057106,"1990-03-18",'Kallie','Spencer','Emery'
3,'Passport',553591331,"1988-02-20",'Micheal','O'Connell','Andrew'
4,'Driver license',218145661,"1993-07-24",'Amos','Marquardt','Laverne'
5,'Passport',737227026,"2001-08-19",'Josiah','Collins','Jarvis'
6,'Driver license',628957831,"1999-09-13",'Clifton','Stroman','Charles'
7,'Certificate of replacement passport',822924041,"2002-08-28",'Jaime','Hauck','Jeffery'
8,'Driver license',411134210,"1997-08-01",'Giuseppe','Collins','Lewis'
9,'Driver license',285318121,"2001-12-31",'Noemi','Lubowitz','Joshua'
10,'Passport',303726623,"1996-04-23",'Demarcus','Romaguera','Phil'
11,'Passport',443511481,"1997-04-05",'Felix','Fahey','Sung'
12,'Passport',115168239,"1991-04-19",'Edie','Predovic','Derrick'
13,'Driver license',861065415,"2004-06-11",'Mina','Jakubowski','Deon'
14,'Driver license',162059253,"1992-11-07",'Ivy','Ebert','Elton'
15,'Driver license',504714027,"1989-05-13",'Kelley','Tromp','Jewel'
16,'Certificate of replacement passport',409038319,"1996-10-02",'Helena','Bednar','Deshawn'
17,'Certificate of replacement passport',249792849,"1999-09-18",'Alicia','Schmitt','Humberto'
18,'Certificate of replacement passport',254466317,"1983-09-13",'Gregory','Kerluke','Boyce'
19,'Certificate of replacement passport',988178740,"1988-09-09",'Dewitt','Bogan','Alexis'
20,'Driver license',566239342,"2004-05-21",'Ferdinand','Ebert','Darell'
21,'Certificate of replacement passport',515593429,"1991-05-21",'Fanny','Pacocha','Neil'
22,'Driver license',599346966,"2003-04-30",'Margert','Schiller','Scotty'
23,'Passport',520502455,"1996-12-26",'Earleen','Bernier','Javier'
24,'Passport',670481392,"2001-03-24",'Shawanda','Hahn','Rodney'
25,'Passport',843497383,"1985-10-27",'Lindsay','Kirlin','Kris'
26,'Driver license',898083275,"1980-10-01",'Samuel','Gleichner','Gino'
27,'Passport',983514695,"1982-11-12",'Edgardo','Ondricka','Aldo'
28,'Driver license',558688639,"1997-09-30",'Donnell','Tillman','Harley'
29,'Driver license',901294096,"1987-06-02",'Stevie','Durgan','Xavier'
30,'Certificate of replacement passport',661217417,"1998-05-18",'Kurt','Flatley','Elmer'
31,'Passport',175808389,"1997-03-21",'Lincoln','Mitchell','Humberto'
32,'Passport',162810976,"1980-08-21",'Samuel','Kuhn','Zachery'
33,'Passport',410493964,"1985-03-29",'Juan','Cummerata','Kirby'
34,'Passport',595777125,"1995-12-13",'Chase','Olson','Victor'
35,'Certificate of replacement passport',810984104,"1984-12-31",'Guadalupe','Wolf','Kristofer'
36,'Passport',909099037,"1991-05-16",'Darrin','Christiansen','Alan'
37,'Driver license',284012052,"1982-01-14",'Malena','Borer','Laverne'
38,'Passport',941715803,"2000-07-22",'Thersa','Auer','Jayson'
39,'Driver license',140969517,"1999-05-06",'Tessa','Beatty','Kris'
40,'Certificate of replacement passport',214924511,"2002-07-08",'Joeann','Hyatt','Hai'
41,'Certificate of replacement passport',191210636,"1995-06-09",'Man','Metz','Wilson'
42,'Driver license',816263686,"1996-09-23",'Rosalyn','Flatley','Domenic'
43,'Passport',503669474,"1989-07-13",'Deedee','Doyle','Kraig'
44,'Driver license',454969698,"2004-03-12",'Dusty','Buckridge','Vito'
45,'Certificate of replacement passport',394891508,"1983-12-21",'Pat','Harris','Elbert'
46,'Passport',633810131,"1984-07-11",'Tammy','VonRueden','Clemente'
47,'Passport',794157641,"1987-05-09",'Elnora','Dare','Franklyn'
48,'Driver license',955115128,"2002-11-20",'Fay','Gerlach','Harrison'
49,'Certificate of replacement passport',741075862,"1984-05-30",'Van','O'Kon','Gaston'
50,'Driver license',591437288,"1992-05-14",'Matt','Stehr','Ollie'
51,'Passport',155809418,"1992-01-06",'Angelo','Feil','Lindsay'
52,'Certificate of replacement passport',236117927,"2004-07-10",'Homer','Aufderhar','Milo'
53,'Driver license',223830442,"1982-12-23",'Paz','Hirthe','Shad'
54,'Passport',654111255,"2003-08-02",'Shiela','Conn','Rogelio'
55,'Certificate of replacement passport',432927043,"1986-05-20",'Shayne','Ledner','Roosevelt'
56,'Passport',658469967,"1982-12-30",'Maria','Runolfsson','Jack'
57,'Certificate of replacement passport',461716808,"1990-03-17",'Timika','Green','Faustino'
58,'Passport',184205246,"1989-06-21",'Woodrow','Will','Dwain'
59,'Passport',690483839,"1991-03-15",'Lynwood','Hilll','Antony'
60,'Driver license',281637371,"1984-02-08",'Merlin','Kirlin','Lynwood'
61,'Passport',847194605,"1985-01-14",'Maribeth','Dare','Zack'
62,'Certificate of replacement passport',998993216,"1996-07-17",'Mikaela','Keeling','Cesar'
63,'Driver license',786661316,"2003-04-10",'Oswaldo','Spinka','Preston'
64,'Passport',784453561,"1988-11-28",'Stacy','Gerhold','Lyle'
65,'Certificate of replacement passport',552646042,"1982-01-04",'Naoma','Keeling','Numbers'
66,'Certificate of replacement passport',811033259,"1986-10-23",'Reagan','Ullrich','Melvin'
67,'Driver license',308958091,"1995-08-22",'Cristie','Sanford','Warner'
68,'Certificate of replacement passport',877481052,"2004-06-21",'Darnell','Lowe','Keenan'
69,'Driver license',773271198,"1983-03-11",'Victor','Klocko','Duncan'
70,'Driver license',150733685,"1980-08-18",'Kaycee','Mertz','Wade'
71,'Driver license',796892714,"1980-09-18",'Madelene','Koepp','Ferdinand'
72,'Passport',472099251,"1992-03-10",'Fernando','Goodwin','Norberto'
73,'Passport',204466817,"1982-10-30",'Juan','Denesik','Josue'
74,'Driver license',498095478,"1989-05-27",'Zofia','Wolf','Henry'
75,'Passport',991751528,"1998-05-14",'Malka','Legros','Randall'
76,'Passport',879024134,"1981-10-25",'Malinda','Bergnaum','Antwan'
77,'Driver license',625260379,"1989-10-21",'Sharri','Beier','Salvatore'
78,'Driver license',357906455,"1983-03-03",'Teresia','Gorczany','Daniel'
79,'Driver license',398365619,"1981-11-22",'Debra','Christiansen','Lazaro'
80,'Certificate of replacement passport',914599026,"1980-02-04",'Sonya','Lynch','Cyril'
81,'Passport',590012462,"2004-01-28",'Francene','Jones','Pete'
82,'Driver license',440527667,"2001-12-31",'Oretha','Klocko','Wilson'
83,'Certificate of replacement passport',239590723,"2000-06-26",'Jerilyn','West','Myles'
84,'Certificate of replacement passport',513269225,"1996-10-25",'Piedad','Cartwright','Rigoberto'
85,'Certificate of replacement passport',611486257,"1991-07-14",'Marty','Murray','Monroe'
86,'Passport',294008358,"1985-04-05",'Hilary','O'Hara','Jerrold'
87,'Certificate of replacement passport',925458983,"1984-07-31",'Trudi','Nitzsche','Raul'
88,'Driver license',939351038,"1999-02-17",'Cherly','Halvorson','King'
89,'Certificate of replacement passport',927508508,"1997-04-26",'Nestor','Powlowski','Rickie'
90,'Passport',126439679,"2004-10-27",'Buford','Mohr','Luther'
91,'Passport',702059047,"2000-12-02",'Jeanie','Kerluke','Jermaine'
92,'Passport',194124823,"1996-04-18",'Tera','Braun','Marcellus'
93,'Passport',271309950,"1983-01-19",'Myles','West','Douglass'
94,'Certificate of replacement passport',436178007,"1980-11-04",'Rina','Hane','Franklin'
95,'Passport',204931652,"1985-08-10",'Brady','O'Hara','Luke'
96,'Driver license',790551962,"1989-02-08",'Wayne','Sipes','Prince'
97,'Passport',386307715,"1986-12-15",'Terrell','Armstrong','Abram'
98,'Driver license',931095501,"1981-04-24",'Ronald','Gislason','Steven'
99,'Passport',325591524,"1997-07-10",'Ammie','Wolf','Len'
100,'Driver license',562725871,"1993-05-07",'Alicia','Cormier','Mauricio'
101,'Driver license',150302414,"1980-03-19",'Shonta','Kuhic','Danny'
102,'Driver license',705086956,"1984-08-04",'Macy','Champlin','Jamie'
103,'Certificate of replacement passport',734407314,"1994-02-13",'Nelida','Herman','Luigi'
104,'Passport',582279508,"1986-12-08",'Kurt','Gusikowski','Jules'
105,'Certificate of replacement passport',870909649,"2001-06-10",'Stacie','Thompson','Jamison'
106,'Passport',349956249,"1982-12-24",'Alesia','Bechtelar','Ivan'
107,'Certificate of replacement passport',422771425,"1985-08-11",'Robin','Green','Vincent'
108,'Passport',861888908,"1994-09-27",'Jc','Wiegand','Irving'
109,'Passport',418226189,"2001-09-25",'Emmanuel','Stokes','Nathanial'
110,'Certificate of replacement passport',828587627,"1981-11-21",'Susanne','Wunsch','Jerry'
111,'Driver license',311006440,"1983-06-22",'Mara','Hackett','Vincent'
112,'Driver license',723800206,"1980-01-01",'Heriberto','Brown','Francisco'
113,'Driver license',486502817,"1987-03-06",'Carlos','Schulist','Wes'
114,'Passport',224314402,"2002-01-13",'Trinity','Johnson','Brice'
115,'Passport',880371620,"1999-02-24",'Derek','Willms','Son'
116,'Driver license',572878652,"1985-12-20",'Carolyne','Sauer','Ivan'
117,'Driver license',401948909,"1998-12-08",'Saran','Beatty','Dannie'
118,'Certificate of replacement passport',628488978,"1991-01-16",'Clara','Krajcik','Eldon'
119,'Certificate of replacement passport',322298444,"1991-03-26",'Robin','Leffler','Reginald'
120,'Certificate of replacement passport',768691753,"1986-08-31",'Fletcher','Harvey','Vernon'
121,'Driver license',398347664,"1999-11-13",'Zetta','Luettgen','Martin'
122,'Driver license',610712356,"1998-05-30",'Ellsworth','Fadel','Olin'
123,'Passport',996931252,"1982-08-22",'Gavin','Okuneva','Seth'
124,'Passport',333796688,"1991-04-19",'Beau','Ruecker','Dante'
125,'Passport',327403463,"1995-10-09",'Carlota','Grimes','Matt'
126,'Driver license',515800817,"1990-07-09",'Frederic','Grant','Brent'
127,'Passport',420265492,"1981-01-26",'Joan','Weimann','Thurman'
128,'Driver license',486559770,"1996-02-12",'Charlott','Murphy','Emmitt'
129,'Passport',436600527,"1999-05-12",'Latesha','Langworth','Mitch'
130,'Driver license',532147803,"1992-11-26",'Lynelle','Prohaska','Virgilio'
131,'Passport',314615001,"1999-11-09",'Marcelo','Treutel','Trevor'
132,'Driver license',579518012,"1987-05-04",'Jordan','Pacocha','Jasper'
133,'Driver license',444197150,"1998-05-28",'Coleman','Hackett','Cesar'
134,'Driver license',713141972,"1983-08-01",'Micheal','Ward','Derek'
135,'Passport',464882337,"1980-05-07",'Merissa','Schuster','Trevor'
136,'Certificate of replacement passport',346414187,"1983-08-28",'Britt','O'Reilly','Maria'
137,'Driver license',432428676,"1997-10-22",'Erik','Hilll','Wesley'
138,'Passport',350337293,"1998-07-01",'Tyrone','Davis','Burt'
139,'Passport',536644663,"1989-11-06",'Wallace','Gerhold','Ulysses'
140,'Driver license',591138535,"1987-12-12",'Josef','Kirlin','Hyman'
141,'Passport',364716831,"2003-04-23",'Eugenio','Olson','Jordon'
142,'Driver license',304301031,"1988-11-11",'Ilene','Barton','Jeffery'
143,'Passport',124964991,"1982-11-03",'Catalina','Conn','Ahmed'
144,'Driver license',158760909,"2002-08-12",'Chi','Beer','Val'
145,'Driver license',502759996,"2000-04-13",'Clint','Wuckert','Mose'
146,'Passport',818806283,"2003-04-23",'Weston','Emmerich','Nathan'
147,'Passport',381720576,"1989-07-29",'Allen','Langworth','Rocco'
148,'Certificate of replacement passport',247967730,"1980-07-14",'Cedric','Dietrich','Horace'
149,'Driver license',896366281,"1991-04-02",'Emelina','Hickle','Troy'
150,'Driver license',159655958,"1994-05-20",'Wei','McDermott','Wes'
151,'Driver license',529699077,"1981-09-08",'Otto','Kohler','Donnie'
152,'Certificate of replacement passport',549086036,"2001-12-02",'Danita','Koch','Emil'
153,'Driver license',367000639,"2000-07-25",'Darren','Heaney','Nelson'
154,'Passport',977770609,"2004-07-29",'Mitchel','Stehr','Fausto'
155,'Certificate of replacement passport',603571305,"1992-02-19",'Willie','Kertzmann','Clayton'
156,'Passport',709254349,"1997-08-26",'Cathleen','Harber','Tyler'
157,'Certificate of replacement passport',981986875,"1984-12-28",'Lincoln','Simonis','Oswaldo'
158,'Certificate of replacement passport',776916898,"2004-06-27",'Jacob','Wyman','Agustin'
159,'Passport',317004307,"1995-01-06",'Boyce','McClure','Antone'
160,'Passport',715407335,"1991-05-03",'Mica','Spinka','Ted'
161,'Passport',321811509,"2000-11-16",'Clarice','Mayert','Sol'
162,'Passport',340184090,"2004-08-24",'Ethel','Treutel','Damien'
163,'Passport',772473883,"1997-05-13",'Sanford','Ernser','Sebastian'
164,'Driver license',105672451,"1980-07-24",'Julius','Grady','Tom'
165,'Passport',310215236,"1996-05-31",'Roseanne','Johns','Emmanuel'
166,'Certificate of replacement passport',258584301,"1987-03-31",'Arlinda','Abbott','Malcom'
167,'Passport',241184967,"1993-03-21",'Kristle','Emmerich','Bret'
168,'Certificate of replacement passport',528711024,"1980-08-02",'Ludie','Goyette','Rigoberto'
169,'Passport',880035320,"1995-06-12",'Nadene','Halvorson','Fritz'
170,'Passport',732702873,"1996-02-20",'Zulma','Stoltenberg','Domingo'
171,'Certificate of replacement passport',479123907,"1994-03-28",'Brendon','Kshlerin','Donny'
172,'Certificate of replacement passport',946997951,"1996-01-24",'Louie','Legros','Jordan'
173,'Driver license',513575608,"1995-02-25",'Pilar','Price','Malik'
174,'Driver license',964413538,"1986-05-23",'Alphonse','Daugherty','Glenn'
175,'Driver license',135106141,"1984-07-28",'Jin','Kutch','Erick'
176,'Certificate of replacement passport',583025927,"2001-04-23",'Porter','Gutmann','Ned'
177,'Certificate of replacement passport',438779223,"1990-08-18",'Sonya','Jakubowski','Julian'
178,'Driver license',421946067,"1992-11-01",'Allen','Torphy','Colin'
179,'Driver license',150100616,"1999-07-14",'Polly','Bauch','Lewis'
180,'Certificate of replacement passport',325030314,"1983-06-04",'Cecil','Reinger','Bryce'
181,'Certificate of replacement passport',111917048,"1983-08-13",'Parker','Gerlach','Rashad'
182,'Passport',369088439,"1993-05-22",'Jamaal','Cronin','Roger'
183,'Driver license',218933038,"1996-11-26",'Chantay','Dickens','Erik'
184,'Passport',697305220,"1986-02-12",'Janice','Kutch','Florentino'
185,'Passport',364488731,"1980-09-14",'Darline','Streich','Minh'
186,'Driver license',984508920,"1995-09-03",'Shannon','Green','Eloy'
187,'Certificate of replacement passport',906702610,"1990-01-29",'Bernadine','Rosenbaum','Antonio'
188,'Driver license',123905386,"1982-07-19",'Christeen','Hirthe','Cristobal'
189,'Driver license',484017876,"1995-03-09",'Delois','Kunze','Murray'
190,'Driver license',321801572,"1994-07-14",'Beatriz','Lockman','Bryce'
191,'Certificate of replacement passport',895525125,"1983-08-11",'Nickolas','Ullrich','Albert'
192,'Certificate of replacement passport',137048042,"1982-09-30",'Lyman','Cassin','Hai'
193,'Passport',592442694,"2001-02-20",'Milan','Nolan','Trenton'
194,'Driver license',893391593,"1986-09-08",'Willow','Wyman','Rene'
195,'Passport',839460576,"1991-10-13",'Jame','Bauch','Omar'
196,'Driver license',811560801,"1998-04-08",'Particia','Gottlieb','Burl'
197,'Certificate of replacement passport',749810812,"2000-06-06",'Xavier','Feil','Rodolfo'
198,'Certificate of replacement passport',276497225,"1989-10-26",'Carson','Conroy','Chauncey'
199,'Certificate of replacement passport',959234623,"2003-05-29",'Sidney','Kutch','Rolland'
200,'Passport',942771171,"1994-02-05",'Bradley','Okuneva','Virgilio'
201,'Passport',877116055,"1985-05-07",'Arlean','O'Keefe','Micheal'
202,'Driver license',184025114,"1983-03-13",'Giuseppina','Streich','Raphael'
203,'Passport',537650122,"2004-09-18",'Wilfred','Pfannerstill','Gregory'
204,'Driver license',973387782,"1981-02-28",'Rene','Rempel','Waldo'
205,'Driver license',426221906,"1999-03-07",'Julienne','Hand','Brenton'
206,'Certificate of replacement passport',584157061,"1994-03-24",'Jimmie','Collier','Jordan'
207,'Passport',871326034,"1994-12-10",'Ed','Bartell','Brady'
208,'Passport',306079226,"1983-07-09",'Kemberly','Nitzsche','Raphael'
209,'Passport',612719339,"2003-06-26",'Lori','Erdman','Chet'
210,'Passport',402687479,"1985-02-16",'Hilton','Reilly','Hugo'
211,'Passport',147675585,"1987-09-06",'Patricia','Marks','Levi'
212,'Passport',883057689,"2004-02-20",'Cyndi','Crooks','Roy'
213,'Passport',490200821,"2004-07-23",'Ashli','Stanton','Gino'
214,'Passport',158951239,"2003-05-11",'Tommie','Wintheiser','Kerry'
215,'Certificate of replacement passport',791902226,"1992-03-13",'Dylan','Satterfield','Cletus'
216,'Passport',797671602,"1990-09-10",'Reid','Schowalter','Quentin'
217,'Certificate of replacement passport',522284113,"1997-10-15",'Austin','Hermann','Tyrell'
218,'Passport',962879772,"2002-06-24",'Latonia','Schumm','Jared'
219,'Passport',233600607,"2003-08-19",'Israel','Olson','Cristobal'
220,'Driver license',476835944,"1996-03-27",'Lajuana','Treutel','Roland'
221,'Passport',494224959,"2004-01-25",'Paris','Prohaska','Danilo'
222,'Passport',875644019,"1981-01-20",'Philip','Johns','Hubert'
223,'Passport',321865521,"2002-06-01",'Rudolf','Jacobson','Ross'
224,'Passport',190456590,"1994-07-03",'Al','Glover','Donny'
225,'Driver license',465098947,"1999-04-08",'Lou','Jones','Stephan'
226,'Driver license',237740660,"1993-07-30",'Leanne','Hahn','Maxwell'
227,'Driver license',217927513,"1994-01-06",'Bobby','Kuphal','Leonardo'
228,'Certificate of replacement passport',793095142,"1985-10-08",'Emile','Huels','Darren'
229,'Certificate of replacement passport',964280983,"2002-11-12",'Ted','Rempel','Olin'
230,'Passport',664640044,"2001-01-16",'Eli','Pollich','Parker'
231,'Passport',942052009,"1981-12-26",'Elden','Hammes','Jeffry'
232,'Driver license',778476361,"1989-11-19",'Gita','Price','Edison'
233,'Certificate of replacement passport',854499899,"1989-02-20",'Afton','Cronin','Antione'
234,'Passport',980759115,"1991-10-05",'Columbus','Baumbach','Luigi'
235,'Certificate of replacement passport',863528024,"1996-06-09",'Randy','Morar','Mariano'
236,'Certificate of replacement passport',103976070,"1984-11-13",'Marisol','Zemlak','Mose'
237,'Certificate of replacement passport',919396251,"1994-09-17",'Tony','Moen','Rodney'
238,'Driver license',837046353,"1997-07-12",'Ike','Schinner','Markus'
239,'Driver license',405448665,"2002-10-08",'Coy','Grady','Bryce'
240,'Driver license',413563346,"1998-01-12",'Yolande','Borer','Elmo'
241,'Passport',869231919,"1999-11-04",'Melissia','Vandervort','Thurman'
242,'Driver license',190377695,"2002-01-20",'Magdalena','Mosciski','Luke'
243,'Driver license',795566075,"1999-06-04",'Rowena','Vandervort','Valentin'
244,'Certificate of replacement passport',580201034,"1981-06-23",'Jose','Bergstrom','Jasper'
245,'Certificate of replacement passport',681461370,"1988-10-16",'Somer','Steuber','Danny'
246,'Certificate of replacement passport',937253500,"2001-01-12",'Chanell','Kemmer','Lee'
247,'Driver license',714597163,"1986-01-30",'Sadye','Ullrich','Elmer'
248,'Certificate of replacement passport',441593186,"1998-06-19",'Kristie','Block','Alec'
249,'Passport',790725105,"1992-12-01",'Sterling','Effertz','Grant'
250,'Driver license',216444717,"2003-01-22",'Adolph','Murray','Malcom'
251,'Driver license',908002714,"1995-07-02",'Lizzette','Leuschke','Rolland'
252,'Certificate of replacement passport',570140225,"2000-10-12",'Rosalyn','Koss','Hans'
253,'Certificate of replacement passport',617673484,"1992-12-09",'Dusty','Klocko','Florencio'
254,'Passport',535203032,"1990-07-11",'Raylene','Durgan','Marcus'
255,'Passport',995379610,"2004-07-02",'Skye','Stiedemann','Steven'
256,'Driver license',283894432,"1982-01-17",'Peter','Legros','Bart'
257,'Certificate of replacement passport',511649636,"1985-07-30",'Yun','White','Miles'
258,'Driver license',233715790,"1984-07-05",'Eliseo','O'Connell','Darell'
259,'Driver license',863383379,"1994-04-21",'Norberto','Bartell','Jamison'
260,'Driver license',924081635,"1994-10-23",'Hosea','Kling','Jacob'
261,'Passport',451308540,"1995-06-14",'Stacee','Daniel','Johnnie'
262,'Driver license',434859935,"1997-04-09",'Heath','Jones','Stuart'
263,'Driver license',324289192,"1981-03-13",'Apolonia','Brekke','Theodore'
264,'Passport',419284135,"1989-03-12",'Steffanie','Sauer','Hai'
265,'Certificate of replacement passport',996092419,"1985-02-15",'Robbie','Schiller','Samuel'
266,'Passport',481477212,"1982-02-02",'Rebecca','Purdy','Clay'
267,'Driver license',117077099,"1997-12-14",'Erwin','Greenholt','Rudolf'
268,'Driver license',756383693,"2000-08-31",'Wes','Lemke','Jerrod'
269,'Certificate of replacement passport',486116008,"2002-03-08",'Rickey','Fay','Woodrow'
270,'Certificate of replacement passport',580552738,"2002-12-17",'Corina','Toy','Geraldo'
271,'Certificate of replacement passport',113657800,"1986-02-25",'Minda','Schinner','Danny'
272,'Certificate of replacement passport',683748821,"1984-05-13",'Dane','Hand','Adolph'
273,'Driver license',352337457,"1993-03-01",'Kelley','Grimes','Andreas'
274,'Passport',728171802,"1984-05-01",'Leif','Dickinson','Clay'
275,'Passport',390845424,"1994-10-20",'Lyle','Thiel','Wayne'
276,'Certificate of replacement passport',184749529,"1991-02-28",'Demetrius','Brakus','Alberto'
277,'Driver license',336415155,"1985-03-26",'Gilberto','Stracke','Prince'
278,'Passport',637607322,"1995-02-11",'Berniece','Hudson','Carl'
279,'Certificate of replacement passport',465334939,"2002-10-23",'Olga','Bauch','Santo'
280,'Passport',717107313,"1992-05-03",'Wiley','Kris','Beau'
281,'Driver license',457406877,"1999-01-15",'Alfonso','Nienow','Noe'
282,'Passport',244895107,"2003-09-17",'Jacque','Leannon','Carlo'
283,'Passport',533525087,"1993-12-24",'Daniela','Crona','Denver'
284,'Passport',482755254,"1993-05-01",'Gwyn','Gerhold','Carl'
285,'Passport',399377212,"1980-08-16",'Marcus','Grant','Enrique'
286,'Certificate of replacement passport',561311828,"2001-03-01",'Dorian','West','Salvatore'
287,'Driver license',362192129,"1980-04-30",'Shanita','Donnelly','Ron'
288,'Certificate of replacement passport',629115237,"2000-12-08",'Blossom','Yundt','Toby'
289,'Driver license',769530791,"1981-03-18",'Lovie','Schultz','Peter'
290,'Driver license',121335991,"1999-03-03",'Jeremy','Herzog','Benton'
291,'Certificate of replacement passport',126063452,"1992-03-15",'Yvonne','Lemke','Buford'
292,'Passport',671473012,"1985-09-08",'Jazmin','Wolff','Thanh'
293,'Passport',912396705,"1992-03-03",'Jerry','Bosco','Roosevelt'
294,'Driver license',285579060,"1983-01-13",'Phuong','Ruecker','Chong'
295,'Certificate of replacement passport',616949495,"1994-08-06",'Lupe','Doyle','Alonso'
296,'Driver license',157281616,"2002-10-05",'Jasper','Wyman','Lazaro'
297,'Certificate of replacement passport',497168854,"1997-04-13",'Mindy','Sawayn','Elliot'
298,'Certificate of replacement passport',926851787,"1987-06-22",'Loyce','Lakin','Patrick'
299,'Passport',449650842,"1980-05-16",'Marilee','White','Houston'
300,'Driver license',848964871,"1992-01-29",'Jarvis','Von','Mohammad'
301,'Certificate of replacement passport',777266904,"1996-10-03",'Orval','Stehr','Hung'
302,'Passport',980057924,"1987-09-20",'Lorelei','Wiegand','Emery'
303,'Passport',395142224,"1998-10-15",'Santo','White','Reggie'
304,'Passport',476024068,"1997-09-20",'Monnie','Waters','Rupert'
305,'Driver license',992519429,"2001-07-16",'Angelita','Glover','Arthur'
306,'Certificate of replacement passport',705967419,"1988-04-26",'Jeni','Ritchie','Danilo'
307,'Passport',904436796,"1999-12-02",'Patience','Hills','Noble'
308,'Certificate of replacement passport',596483380,"1999-02-03",'Bertram','Cummings','Trevor'
309,'Driver license',120950482,"2000-01-04",'Amber','Ebert','Colin'
310,'Certificate of replacement passport',728000944,"1991-08-26",'Theron','Wiza','Miguel'
311,'Passport',124332223,"1982-08-14",'Viviana','Nitzsche','Lawrence'
312,'Passport',136657338,"1989-11-23",'Latoyia','Champlin','Lonny'
313,'Passport',396025000,"2003-11-15",'Cecile','Walker','Dwain'
314,'Passport',962630632,"1990-08-11",'Libbie','Turcotte','Lino'
315,'Certificate of replacement passport',436279543,"1985-05-24",'Jeff','Weimann','Parker'
316,'Certificate of replacement passport',235227974,"1988-05-12",'Omar','Purdy','Jude'
317,'Certificate of replacement passport',133152777,"1986-03-30",'Sierra','Hyatt','Henry'
318,'Driver license',878307295,"1997-07-09",'Emilia','Metz','Miles'
319,'Driver license',595287133,"1991-11-01",'Ali','Aufderhar','Israel'
320,'Certificate of replacement passport',458455033,"1981-05-10",'Olga','Schulist','Valentine'
321,'Certificate of replacement passport',852226197,"1998-05-24",'Gertrud','Feeney','Gregorio'
322,'Passport',793472849,"1998-07-25",'Rosalva','Murazik','Gino'
323,'Driver license',206473629,"1982-11-02",'Trinh','DuBuque','Patrick'
324,'Passport',245311424,"2003-11-02",'Hannah','Rutherford','Trey'
325,'Certificate of replacement passport',316951972,"1995-12-04",'Kurtis','Tillman','Rafael'
326,'Passport',547720851,"1986-01-05",'Sunshine','Stroman','Geraldo'
327,'Driver license',181303998,"2002-06-22",'Lachelle','Kemmer','Anderson'
328,'Certificate of replacement passport',924065308,"1990-08-31",'Beaulah','Zulauf','Brooks'
329,'Certificate of replacement passport',796846279,"1997-12-09",'Marx','Robel','Jess'
330,'Passport',797152322,"1989-01-13",'Lela','Kuvalis','Levi'
331,'Driver license',662807315,"2001-02-14",'Wilber','Jones','Ferdinand'
332,'Passport',710697264,"1984-10-14",'Melodee','Osinski','Wes'
333,'Driver license',778339986,"2004-06-10",'Elmo','Powlowski','Len'
334,'Driver license',583120279,"1985-02-04",'Kena','Lindgren','Freddy'
335,'Driver license',682029678,"1989-04-06",'Raymond','Sanford','Darrick'
336,'Passport',421673120,"1991-08-30",'Celena','Rogahn','Reed'
337,'Driver license',585325698,"1988-05-23",'Derick','Balistreri','Deon'
338,'Driver license',183858713,"1993-03-19",'Tristan','O'Hara','Gerardo'
339,'Passport',740815552,"1991-07-21",'Rene','Harris','Leopoldo'
340,'Driver license',850234476,"1985-04-22",'Chi','Kihn','Virgil'
341,'Driver license',210623988,"1999-12-17",'Ernest','Glover','Virgil'
342,'Driver license',777016565,"1990-12-27",'Cristopher','Swift','Chong'
343,'Passport',926081444,"2004-01-09",'Ferne','Schaefer','Karl'
344,'Driver license',350210117,"1988-07-29",'Rudy','Bogisich','Dan'
345,'Passport',408357723,"2003-02-26",'Neville','Bauch','Tracey'
346,'Driver license',679107616,"1984-10-10",'Mack','Murphy','Man'
347,'Passport',652765714,"1999-09-22",'Twanna','Cruickshank','Jame'
348,'Passport',818332349,"1982-05-15",'Jerrold','O'Hara','James'
349,'Driver license',856240448,"2003-07-06",'Karlyn','Morissette','Hung'
350,'Driver license',724841241,"1982-06-17",'Leo','D'Amore','Kenton'
351,'Certificate of replacement passport',587876580,"1990-12-07",'Mariel','Walker','Norman'
352,'Passport',723283901,"1997-05-06",'Catharine','Bechtelar','Abram'
353,'Passport',269019980,"1980-11-28",'Donnie','Jacobson','Renaldo'
354,'Passport',542929326,"1986-11-16",'Jewell','Dickinson','Jere'
355,'Certificate of replacement passport',977396611,"2003-05-29",'Eloy','Crona','Korey'
356,'Certificate of replacement passport',622397142,"1994-01-14",'Josef','Doyle','Quinn'
357,'Certificate of replacement passport',849857517,"1981-07-11",'Hien','Farrell','Rudolph'
358,'Driver license',988554493,"1994-09-17",'Tuan','Langosh','Newton'
359,'Driver license',171651702,"2000-07-18",'Cedrick','Cormier','Calvin'
360,'Driver license',609047934,"1981-09-27",'Cyril','Skiles','Cordell'
361,'Driver license',136461191,"1988-09-05",'Lai','Wisozk','Mel'
362,'Driver license',300454719,"1992-04-15",'Sol','Kilback','Vaughn'
363,'Passport',869541410,"1998-09-16",'Roscoe','Hermann','Granville'
364,'Passport',139762362,"1981-01-29",'Dick','Robel','Earnest'
365,'Passport',169994244,"1988-03-03",'Ben','Monahan','Vern'
366,'Certificate of replacement passport',119036900,"1987-11-13",'Roseline','O'Kon','Leandro'
367,'Driver license',781419830,"2001-04-13",'Johnnie','Wolff','Foster'
368,'Driver license',357723210,"1982-07-31",'Bert','Goodwin','Gerald'
369,'Passport',323596269,"2004-05-18",'Henry','Jerde','Nickolas'
370,'Driver license',309734847,"1990-04-02",'Phil','Dare','Efren'
371,'Passport',458961800,"1999-10-03",'Lawrence','Frami','Deshawn'
372,'Certificate of replacement passport',632250409,"1993-11-23",'Angla','Harvey','Samuel'
373,'Driver license',687700467,"1986-11-14",'Burl','Feeney','Lloyd'
374,'Passport',866910115,"1982-07-09",'Elvia','Crona','Wilson'
375,'Driver license',592676412,"1985-11-18",'Charmain','Runolfsdottir','Lyle'
376,'Driver license',803214816,"2002-12-14",'Jarod','Ernser','Raymond'
377,'Certificate of replacement passport',393442786,"1987-01-23",'Stanford','Stokes','Billie'
378,'Certificate of replacement passport',546152589,"1994-01-06",'Tommie','Senger','Cyrus'
379,'Driver license',964529300,"1999-04-09",'Johnathan','Pfeffer','Wilbert'
380,'Passport',876647976,"1998-08-22",'Florentino','Monahan','Albert'
381,'Driver license',406330882,"1988-11-30",'Jeneva','Kertzmann','Neville'
382,'Driver license',928416260,"1998-08-05",'Rayna','Cormier','Rueben'
383,'Driver license',411907643,"1997-10-11",'Elina','Feest','Forrest'
384,'Passport',608082584,"2000-01-20",'Numbers','Kreiger','Scotty'
385,'Certificate of replacement passport',107813340,"1982-10-20",'Maryann','Kemmer','Tim'
386,'Certificate of replacement passport',711248358,"1990-03-22",'Edward','Murray','Hugo'
387,'Driver license',291842528,"2004-04-14",'Rico','O'Reilly','Lino'
388,'Driver license',107808525,"1980-02-15",'Bronwyn','Schneider','Willy'
389,'Certificate of replacement passport',638675275,"1981-03-24",'Cary','Bashirian','Columbus'
390,'Passport',483920072,"1983-09-29",'Devin','Lockman','Marshall'
391,'Driver license',889205148,"2001-03-07",'Hortense','Hills','Huey'
392,'Driver license',684995623,"2000-07-14",'Virgilio','Volkman','Sean'
393,'Driver license',434597454,"2002-04-20",'Kasey','Greenfelder','Daren'
394,'Passport',464053139,"1986-05-23",'Gilberto','Upton','Jarrett'
395,'Certificate of replacement passport',607523993,"1999-05-20",'Elizabet','Auer','Joseph'
396,'Driver license',558126620,"1996-01-02",'Jere','Purdy','Sylvester'
397,'Certificate of replacement passport',306677425,"1997-05-02",'Wanita','Schmeler','Raymon'
398,'Driver license',435343828,"1990-07-11",'Leighann','Lakin','Theron'
399,'Passport',656104328,"1995-07-22",'Dudley','Baumbach','Von'
400,'Driver license',471239915,"1991-12-23",'Latesha','Klein','James'
401,'Passport',245449451,"1995-11-18",'Titus','Roberts','Ivory'
402,'Driver license',449363796,"1997-08-25",'Werner','Goyette','Dylan'
403,'Passport',520019249,"1997-08-01",'Melinda','Swaniawski','Oren'
404,'Driver license',690103530,"2003-11-02",'Galen','Rath','Stephen'
405,'Passport',862810843,"2000-02-14",'Eusebio','Fahey','Hilario'
406,'Certificate of replacement passport',109112236,"1991-10-04",'Dia','Beer','Gale'
407,'Certificate of replacement passport',971167848,"2002-03-04",'Talisha','Casper','Dana'
408,'Driver license',165662690,"2004-07-14",'Frank','Waters','Stanton'
409,'Passport',519770183,"1982-11-13",'Angie','Haley','Brenton'
410,'Passport',840852420,"1992-12-21",'Trey','Thiel','Benton'
411,'Passport',336496183,"1987-01-07",'Loren','Sporer','Junior'
412,'Certificate of replacement passport',808890099,"1989-06-18",'Carlita','Toy','Trey'
413,'Certificate of replacement passport',327019714,"1987-07-03",'Irmgard','Gibson','Brandon'
414,'Passport',250328434,"2003-03-09",'Geoffrey','Rice','Jamal'
415,'Passport',616399991,"1999-10-14",'Angel','Beahan','Jc'
416,'Certificate of replacement passport',176629878,"2002-11-23",'Everett','Stanton','Wilford'
417,'Certificate of replacement passport',150193662,"2003-04-06",'Carolyn','Konopelski','Otha'
418,'Certificate of replacement passport',394754038,"1997-08-13",'Jack','Langworth','Jackson'
419,'Passport',398659210,"2004-09-27",'Markita','Batz','Margarito'
420,'Passport',556594096,"1999-09-16",'Cole','Rohan','Cletus'
421,'Passport',141863388,"1997-01-25",'Particia','Pouros','Genaro'
422,'Driver license',139409038,"1992-09-06",'Dale','Cronin','Stefan'
423,'Certificate of replacement passport',612549541,"2002-06-24",'Gerard','Volkman','Orlando'
424,'Driver license',513133685,"1982-04-18",'Keven','Renner','Isaac'
425,'Driver license',994634234,"1983-03-09",'Josiah','Satterfield','Mel'
426,'Driver license',405051598,"1983-04-14",'Jeromy','Bergstrom','Vance'
427,'Certificate of replacement passport',442097527,"1996-05-23",'Douglas','Batz','Owen'
428,'Driver license',804255984,"1993-01-15",'Berna','Abbott','Sean'
429,'Certificate of replacement passport',532625353,"2003-04-18",'Justin','Hettinger','Jerold'
430,'Passport',384702320,"1989-06-01",'Marina','Reilly','Waldo'
431,'Certificate of replacement passport',794258698,"1999-10-31",'Scotty','Cruickshank','Williams'
432,'Passport',848025735,"1981-12-15",'Fred','Lynch','Maurice'
433,'Passport',882932602,"1992-08-22",'Marcelino','Durgan','Harrison'
434,'Passport',865513953,"2004-01-17",'Marlene','Watsica','Leonardo'
435,'Passport',772077292,"1982-03-01",'Ian','Wilderman','Wendell'
436,'Certificate of replacement passport',278277084,"2001-10-17",'Markita','Larkin','Marlon'
437,'Driver license',184574785,"1988-06-21",'Tyrone','Bernier','Wyatt'
438,'Certificate of replacement passport',141035842,"2002-01-15",'Beaulah','Kertzmann','Reynaldo'
439,'Certificate of replacement passport',552812743,"1996-07-30",'Markus','Koelpin','Malik'
440,'Driver license',261422240,"1997-10-04",'Shirley','Johns','Juan'
441,'Certificate of replacement passport',801167723,"1989-01-10",'Thaddeus','Spinka','Lesley'
442,'Driver license',982236402,"2004-09-18",'Leida','Douglas','Al'
443,'Driver license',699899376,"1981-12-28",'Kris','Gleason','Elliott'
444,'Driver license',982934793,"1997-06-23",'Katheleen','Mitchell','Lawerence'
445,'Passport',972876629,"2003-10-11",'Coralee','Stamm','Leandro'
446,'Passport',396431338,"1983-01-18",'Carlos','Reilly','Jere'
447,'Driver license',835496683,"2000-06-14",'Clint','Johns','Roscoe'
448,'Driver license',905572310,"1995-04-22",'Edison','Crist','Raul'
449,'Driver license',189968471,"2004-06-16",'Deshawn','Rutherford','Cameron'
450,'Driver license',132267107,"1988-07-13",'Ollie','Mills','Claude'
451,'Driver license',493546964,"1994-12-13",'Young','Gibson','Miquel'
452,'Certificate of replacement passport',148307357,"1984-11-30",'Kayce','Cronin','Tod'
453,'Passport',515562427,"1991-02-10",'Yelena','Gislason','Lanny'
454,'Certificate of replacement passport',224495214,"2003-12-27",'Felicia','Baumbach','Bo'
455,'Passport',731043350,"1988-10-07",'Joel','Bartoletti','Micah'
456,'Certificate of replacement passport',705790462,"1982-05-20",'Nubia','Hoeger','Darius'
457,'Passport',493673188,"1999-10-24",'Young','Swaniawski','Sal'
458,'Certificate of replacement passport',227446987,"2003-10-12",'Agustin','Olson','Booker'
459,'Driver license',547638182,"1988-11-11",'Renay','Bartell','Kennith'
460,'Certificate of replacement passport',662446710,"2000-10-01",'Gertude','Bogisich','Rudolf'
461,'Passport',890019324,"2004-05-24",'Rey','Mitchell','Connie'
462,'Passport',698582828,"2004-03-10",'Dorie','Deckow','Leandro'
463,'Driver license',633019425,"1980-02-09",'Joesph','Ward','Eliseo'
464,'Passport',461901938,"2000-05-13",'Eugene','Emard','Rick'
465,'Certificate of replacement passport',667508465,"1999-11-17",'Miranda','Lueilwitz','Aurelio'
466,'Driver license',891679332,"2004-04-09",'Jamila','Williamson','Cordell'
467,'Driver license',749962524,"1996-05-28",'Harris','Shanahan','Ricky'
468,'Passport',973005512,"1987-06-30",'Haydee','Schowalter','Alva'
469,'Passport',399282100,"1990-08-13",'Nathaniel','Pacocha','Harlan'
470,'Passport',862809758,"1999-11-03",'Kenda','Goldner','Malik'
471,'Passport',653609806,"1996-11-16",'Stanton','Kunde','Miguel'
472,'Driver license',187703683,"1982-10-06",'Janae','Rau','Julius'
473,'Passport',226603514,"1997-06-07",'Shanon','Goodwin','Eduardo'
474,'Passport',373539644,"2004-08-18",'Minda','Marquardt','Joseph'
475,'Passport',322863533,"1993-12-30",'Wilbert','Oberbrunner','Walker'
476,'Certificate of replacement passport',779544224,"1996-11-16",'Darcie','Koepp','Bradford'
477,'Certificate of replacement passport',335742192,"2003-07-10",'Marla','Sanford','Terrell'
478,'Driver license',746925950,"1992-11-20",'Murray','Kiehn','Garry'
479,'Driver license',175240024,"1999-09-19",'Scotty','Marquardt','Maria'
480,'Driver license',838638367,"1981-05-18",'Jame','Deckow','Cortez'
481,'Driver license',135424571,"1980-03-29",'Kristal','Douglas','Horacio'
482,'Certificate of replacement passport',637079370,"1997-01-14",'Dominic','Howell','Craig'
483,'Driver license',339838634,"1980-01-01",'Bethel','Feeney','Zachery'
484,'Certificate of replacement passport',953250744,"2000-01-16",'Pearle','Runolfsdottir','Max'
485,'Certificate of replacement passport',792215929,"1997-09-15",'Deon','Ortiz','Mohammad'
486,'Driver license',177950362,"1980-04-06",'Clarissa','Prosacco','Jeremy'
487,'Certificate of replacement passport',558218991,"1992-12-15",'Ashlie','Little','Dwain'
488,'Driver license',264318753,"2000-11-24",'Melda','Mraz','Dario'
489,'Certificate of replacement passport',810177787,"1994-11-14",'Maragaret','Batz','Garfield'
490,'Certificate of replacement passport',514507672,"2001-08-29",'Evelynn','Boehm','Jude'
491,'Driver license',610260481,"1982-10-21",'Nathanael','Carroll','Lino'
492,'Passport',717495596,"1988-01-30",'Rodolfo','Harris','Tomas'
493,'Passport',759647536,"1994-05-13",'Terrance','Carroll','Rocco'
494,'Certificate of replacement passport',539095530,"1993-02-13",'Brigid','Gislason','Florencio'
495,'Passport',728257545,"1981-07-05",'Joel','Rodriguez','Horace'
496,'Driver license',718486893,"1983-10-23",'Cammy','Kris','Bryan'
497,'Driver license',671333307,"1982-04-22",'Gerard','Abshire','Nathanial'
498,'Certificate of replacement passport',107383006,"1984-11-17",'Nelida','Streich','Arnulfo'
499,'Passport',709975530,"1983-09-08",'Lorenzo','Kub','Thurman'
500,'Certificate of replacement passport',495785333,"1988-12-05",'Marcus','Fritsch','Wilfred'
501,'Driver license',407332081,"2000-06-26",'Arthur','Fay','Andrea'
502,'Driver license',482311051,"1986-06-20",'Lucia','Koelpin','Heath'
503,'Passport',612095642,"2004-11-03",'Billy','Gislason','Warren'
504,'Passport',624928945,"2003-10-14",'See','Braun','Shelton'
505,'Certificate of replacement passport',430968544,"1983-03-14",'Kathline','Bruen','Lino'
506,'Driver license',216341609,"1981-03-27",'Melonie','Schinner','Alphonso'
507,'Certificate of replacement passport',795422369,"2004-08-09",'Kathey','Kshlerin','Pablo'
508,'Passport',626293955,"1984-09-09",'Winston','Sanford','Paris'
509,'Driver license',374197955,"1981-01-05",'Callie','McGlynn','Adan'
510,'Driver license',269273753,"2001-07-21",'Noble','Brekke','Anton'
511,'Passport',636052905,"2000-10-08",'Claude','Terry','Emerson'
512,'Passport',838017239,"1991-01-10",'Prudence','Deckow','Herb'
513,'Passport',662560398,"1998-11-06",'Clemmie','Jaskolski','Phillip'
514,'Passport',899799443,"2001-11-29",'Brady','Bauch','Fletcher'
515,'Driver license',286929909,"2001-02-23",'Ned','Dooley','Marco'
516,'Certificate of replacement passport',470827863,"1986-09-20",'Chae','Pagac','Dan'
517,'Driver license',237790511,"2000-01-21",'Gillian','Dickinson','Wilmer'
518,'Certificate of replacement passport',345237831,"1992-11-20",'Jayne','Wiza','Raphael'
519,'Driver license',585354161,"1996-03-19",'Wally','Wehner','Michale'
520,'Certificate of replacement passport',466749794,"1980-08-28",'Bea','Powlowski','Josiah'
521,'Driver license',371531021,"1990-06-08",'Delinda','Bahringer','Matthew'
522,'Passport',164936199,"1985-01-17",'Vivan','Satterfield','Kenny'
523,'Driver license',427999030,"2000-10-25",'Nickolas','Bauch','Willian'
524,'Driver license',619939234,"1984-09-03",'Hilario','Aufderhar','Aron'
525,'Certificate of replacement passport',702241435,"1993-07-03",'Maximo','Waelchi','Russel'
526,'Driver license',399131514,"1988-04-27",'Richard','Hilpert','Rosario'
527,'Passport',900906816,"1985-07-22",'Leroy','McGlynn','Rupert'
528,'Certificate of replacement passport',189819110,"1993-01-21",'Soraya','Schmeler','Pete'
529,'Driver license',923273703,"1982-01-22",'Chester','Marquardt','Carl'
530,'Passport',294454777,"1992-09-29",'Marcel','Hoppe','Wiley'
531,'Certificate of replacement passport',301106098,"2003-03-19",'Erick','O'Connell','Everett'
532,'Certificate of replacement passport',635737513,"1989-10-01",'Justin','Rath','Wilson'
533,'Driver license',143771766,"1997-09-09",'Gita','Kertzmann','Jules'
534,'Driver license',134885298,"1997-02-05",'Marcella','Cummings','Wm'
535,'Passport',324478017,"2000-08-21",'Adalberto','King','Neil'
536,'Passport',746656054,"1989-04-27",'Lyman','Walter','Bill'
537,'Certificate of replacement passport',211934245,"2001-08-03",'Raleigh','Frami','Whitney'
538,'Certificate of replacement passport',306380027,"1990-03-19",'Herma','Rohan','Fletcher'
539,'Driver license',419559598,"2000-07-19",'Janeth','Friesen','Rueben'
540,'Passport',348389177,"2001-05-13",'Hank','Welch','Freeman'
541,'Certificate of replacement passport',768057548,"1994-12-17",'Edwin','Lubowitz','Dante'
542,'Certificate of replacement passport',805983075,"1981-01-24",'Cyrstal','Hermiston','Solomon'
543,'Passport',265579254,"1992-02-12",'Gene','Lakin','Gabriel'
544,'Certificate of replacement passport',480282804,"2001-10-28",'Jc','Purdy','Craig'
545,'Certificate of replacement passport',730622884,"2001-06-29",'Joetta','Davis','Otha'
546,'Passport',266308663,"1981-01-18",'Rutha','Lesch','Leslie'
547,'Driver license',220428258,"1994-04-04",'Tyler','Wyman','Leslie'
548,'Passport',405048176,"1997-02-20",'Carroll','Schneider','Roy'
549,'Passport',976598316,"1999-05-12",'Bradley','Shanahan','Lloyd'
550,'Driver license',516660078,"1999-09-27",'Dawne','Brown','Nicolas'
551,'Certificate of replacement passport',893527545,"1999-03-14",'Fermin','Hackett','Napoleon'
552,'Driver license',647296774,"1995-12-03",'Babette','Conroy','Dwayne'
553,'Driver license',498042190,"1981-02-23",'Raymon','Klocko','Zackary'
554,'Certificate of replacement passport',343165557,"1983-02-12",'Erwin','Feil','Wilbert'
555,'Certificate of replacement passport',730994180,"1987-04-22",'Olga','Beatty','Elliot'
556,'Passport',361654388,"1989-08-09",'Joesph','Cormier','Kurt'
557,'Passport',322851856,"1982-01-05",'Sheridan','Block','Brice'
558,'Certificate of replacement passport',895892985,"2000-09-15",'Devin','Wisoky','Jacob'
559,'Driver license',405800308,"1981-12-07",'Bethanie','Larson','Larry'
560,'Certificate of replacement passport',489917208,"2000-12-20",'Virgilio','Kshlerin','James'
561,'Certificate of replacement passport',934875348,"1980-03-27",'Antone','Quitzon','Taylor'
562,'Driver license',604762144,"1998-01-09",'Brant','Bauch','Stan'
563,'Passport',907276251,"1983-12-31",'Guillermo','Osinski','Thanh'
564,'Certificate of replacement passport',582527538,"1981-05-15",'Isiah','Wolff','Kenneth'
565,'Driver license',930355357,"1991-09-28",'Bettie','Schinner','Ray'
566,'Certificate of replacement passport',982671778,"2000-04-09",'Lera','Dicki','Clifton'
567,'Driver license',710959530,"2002-11-14",'Jackson','Greenholt','Jerold'
568,'Driver license',530693346,"1996-10-28",'Raleigh','Conroy','Warren'
569,'Passport',397968482,"1998-04-12",'Nelida','Beer','Vicente'
570,'Driver license',667823841,"1982-08-03",'Sheilah','Kris','Jarvis'
571,'Passport',771758770,"1988-03-31",'Collen','Kautzer','Nicky'
572,'Certificate of replacement passport',790410670,"2000-02-16",'Odette','Gerlach','Jerrell'
573,'Passport',408857194,"1982-08-12",'Ludivina','Rutherford','Delbert'
574,'Certificate of replacement passport',738749946,"1984-06-02",'Kanesha','Botsford','Marcelo'
575,'Driver license',529025925,"1988-09-16",'Elenor','Fritsch','Alphonse'
576,'Certificate of replacement passport',840145893,"2002-11-16",'Hal','O'Connell','Cornell'
577,'Driver license',368971495,"1996-10-25",'Olin','Bashirian','Horacio'
578,'Driver license',231566129,"1984-05-17",'Alex','Glover','Zachary'
579,'Passport',601215697,"1993-11-29",'Ali','Franecki','Thaddeus'
580,'Certificate of replacement passport',946188129,"1985-03-07",'Joshua','Lakin','Merle'
581,'Passport',973260139,"1995-01-31",'Kandy','Howe','Lynn'
582,'Driver license',913715834,"1980-08-25",'Ignacio','Kunde','Ronny'
583,'Certificate of replacement passport',911398210,"1987-12-31",'Kum','Nolan','William'
584,'Driver license',368086846,"1992-08-31",'Marquitta','Rosenbaum','Reuben'
585,'Driver license',849449807,"1985-11-20",'Tristan','Heaney','Sam'
586,'Certificate of replacement passport',398212513,"1983-12-25",'Kenna','Mills','Rey'
587,'Certificate of replacement passport',508183345,"1993-03-02",'Earleen','Abernathy','Refugio'
588,'Driver license',297914498,"1994-10-04",'Napoleon','Murazik','Lanny'
589,'Certificate of replacement passport',955792998,"1983-09-30",'Kisha','Jacobson','Gregory'
590,'Passport',390991902,"1994-04-29",'Treena','Rosenbaum','Edison'
591,'Passport',722755665,"2002-11-29",'Clifford','Wyman','Jerome'
592,'Certificate of replacement passport',488189035,"1990-02-02",'Claudette','Reilly','Dane'
593,'Passport',875749000,"2004-10-06",'Wes','Hane','Mauro'
594,'Passport',149106865,"1999-04-27",'Ilda','Ankunding','Mauro'
595,'Passport',239503002,"1996-09-02",'Shannan','Beahan','Jerrell'
596,'Passport',223077120,"1987-07-15",'Elfreda','Ondricka','Shirley'
597,'Driver license',141091990,"1999-03-26",'Alex','Ledner','Francis'
598,'Certificate of replacement passport',198797534,"2002-11-21",'Ezra','Cummings','Santo'
599,'Driver license',254171216,"1991-08-27",'Jonell','Kohler','Dustin'
600,'Passport',379912460,"1991-09-15",'Dewey','Gleichner','Darron'
601,'Driver license',319416211,"1991-04-07",'Kerstin','Ziemann','Sandy'
602,'Driver license',551064566,"1990-10-27",'Edison','Heathcote','Richard'
603,'Certificate of replacement passport',651893065,"1986-07-13",'Andrew','Leuschke','Carl'
604,'Certificate of replacement passport',542888257,"1992-02-15",'Sandie','Rath','Efrain'
605,'Driver license',975000625,"1998-02-01",'Gena','Adams','Randy'
606,'Driver license',633975907,"1992-11-02",'Wilson','Mann','Josef'
607,'Passport',498938302,"1998-05-10",'Cammy','Zemlak','Jefferson'
608,'Certificate of replacement passport',854857332,"1986-10-15",'Antonia','Balistreri','Cleo'
609,'Passport',162324635,"2002-09-27",'Damon','Kiehn','Jasper'
610,'Passport',158771379,"1988-12-02",'Ricky','Hand','Taylor'
611,'Passport',634461172,"1997-12-29",'Bernard','Prosacco','Vince'
612,'Certificate of replacement passport',776395516,"1989-01-05",'Denny','Rutherford','Nelson'
613,'Certificate of replacement passport',201682455,"1989-10-13",'Wesley','Tillman','Andrew'
614,'Driver license',264280998,"1991-11-19",'Darius','Lubowitz','Jerome'
615,'Passport',903172035,"1988-02-08",'Bruno','Zboncak','Howard'
616,'Driver license',162575100,"2001-04-17",'Edythe','Schmitt','Lamont'
617,'Passport',397223356,"1992-01-08",'Guillermo','McClure','Francisco'
618,'Driver license',443100178,"1991-04-09",'Derek','Wiegand','Tristan'
619,'Certificate of replacement passport',221366290,"2002-11-17",'Drew','Ledner','Christian'
620,'Passport',164949764,"1996-10-16",'Marvin','Predovic','Dillon'
621,'Certificate of replacement passport',745564398,"2000-05-14",'Erline','Krajcik','Parker'
622,'Certificate of replacement passport',643070954,"1996-06-11",'Filiberto','Hahn','Shane'
623,'Passport',434031806,"2003-08-04",'Brittni','D'Amore','Guy'
624,'Certificate of replacement passport',630551176,"1991-09-01",'Darby','Flatley','Williams'
625,'Certificate of replacement passport',743832139,"1983-02-17",'Phyliss','Weber','Shad'
626,'Certificate of replacement passport',868785695,"1999-10-26",'Brad','Mohr','Marcus'
627,'Driver license',647498594,"1999-10-08",'Booker','Medhurst','Heath'
628,'Driver license',330814019,"1993-03-31",'Al','Feest','Todd'
629,'Certificate of replacement passport',535475663,"1980-06-20",'Deb','Ullrich','Austin'
630,'Driver license',104869370,"1984-04-10",'Rupert','Gutmann','Leopoldo'
631,'Passport',810390591,"1990-06-22",'Barry','Hirthe','Blaine'
632,'Passport',556641633,"1997-05-24",'Valentin','Zboncak','Juan'
633,'Passport',724692200,"1998-05-06",'Marco','Adams','Bradford'
634,'Passport',548950846,"1983-04-06",'Shella','Quigley','Zachery'
635,'Passport',211828963,"1995-05-02",'Rolf','Schaden','Reynaldo'
636,'Passport',852041895,"1984-09-25",'Kenisha','Robel','Steve'
637,'Certificate of replacement passport',667548873,"2000-11-09",'Loriann','Bartoletti','Scotty'
638,'Certificate of replacement passport',877683056,"1987-05-11",'Kieth','Gleason','Amos'
639,'Passport',156855305,"2004-08-07",'Jenelle','Renner','Jeff'
640,'Passport',929016227,"1993-09-08",'Marco','Walter','Bernardo'
641,'Certificate of replacement passport',333750477,"1987-08-24",'Voncile','Schuster','Adolfo'
642,'Certificate of replacement passport',205990421,"1989-05-03",'Vonda','Mann','Aldo'
643,'Driver license',832390455,"2000-02-17",'Rodger','Langosh','Columbus'
644,'Driver license',620360317,"1999-01-29",'Bobbie','Runte','Josh'
645,'Driver license',701893063,"1993-10-15",'Carmon','Upton','Dominique'
646,'Certificate of replacement passport',506227790,"1988-06-13",'Tabetha','Treutel','Nathanael'
647,'Certificate of replacement passport',705611724,"1989-02-07",'Myong','Lind','David'
648,'Driver license',809735740,"1991-01-01",'Arletta','McLaughlin','Pete'
649,'Certificate of replacement passport',954596924,"1997-02-13",'Madlyn','Bednar','Vern'
650,'Driver license',295366446,"1996-12-21",'Gaye','Kirlin','Reed'
651,'Driver license',176823110,"2004-01-21",'Mack','Kreiger','Dorian'
652,'Passport',920059415,"1989-08-30",'Houston','Heidenreich','Karl'
653,'Passport',392211537,"1983-12-22",'Burt','Hintz','Moises'
654,'Passport',607041604,"1991-01-07",'Joesph','Willms','Les'
655,'Driver license',437908103,"2001-01-02",'Rachele','O'Keefe','Art'
656,'Passport',837636328,"1982-06-03",'Jeremy','Ullrich','Tyrell'
657,'Passport',160107488,"1997-11-27",'Sean','Daniel','Hong'
658,'Driver license',371785578,"1991-07-15",'Kelly','Friesen','Calvin'
659,'Certificate of replacement passport',857013535,"1995-05-04",'Nohemi','Funk','Drew'
660,'Driver license',505115705,"1986-08-18",'Talia','Gottlieb','Ellsworth'
661,'Passport',120257869,"1988-06-15",'Tad','Denesik','Vernon'
662,'Certificate of replacement passport',503053782,"2001-10-01",'Pamila','Gerhold','Chang'
663,'Driver license',906460157,"2003-12-24",'Sammie','Kutch','Johnathan'
664,'Certificate of replacement passport',854800884,"1993-12-27",'Tamie','Hoeger','Stefan'
665,'Driver license',791566991,"2002-12-17",'Bernie','Ledner','Van'
666,'Driver license',873247589,"1998-10-20",'Veronika','Reichert','Marvin'
667,'Passport',596130428,"2002-01-03",'Trena','Leffler','Sherwood'
668,'Driver license',297269096,"1981-05-23",'Tobie','Schuster','Fernando'
669,'Passport',481015745,"1990-06-27",'Solange','McLaughlin','Antone'
670,'Driver license',675844569,"1999-05-08",'Phuong','Hamill','Lee'
671,'Certificate of replacement passport',966855162,"1990-07-18",'Rutha','Nienow','Vance'
672,'Driver license',599861273,"2004-07-31",'Edgar','Ratke','Laurence'
673,'Passport',920434018,"1982-07-18",'Mao','Halvorson','Thaddeus'
674,'Passport',798060790,"1997-05-18",'Chris','Hackett','Wilbur'
675,'Passport',708298513,"1993-10-30",'Shannon','Fahey','Israel'
676,'Certificate of replacement passport',280659733,"1988-08-14",'Franklyn','Flatley','Leslie'
677,'Passport',911488471,"1981-04-18",'Monica','Lueilwitz','Daren'
678,'Passport',365392608,"1993-10-25",'Ruthe','Kulas','Truman'
679,'Passport',818588136,"2004-06-05",'Eula','Parker','Eloy'
680,'Certificate of replacement passport',391136004,"1995-02-13",'Christian','Homenick','Saul'
681,'Certificate of replacement passport',666949356,"1982-04-29",'Bryant','Wilderman','Foster'
682,'Passport',710875344,"1995-11-16",'Monte','Fadel','Nickolas'
683,'Driver license',428620177,"2003-06-05",'Shenita','Dickinson','Abel'
684,'Driver license',225423605,"2004-05-04",'Shondra','Balistreri','Lesley'
685,'Passport',868167485,"1998-03-09",'Mavis','Ebert','Rashad'
686,'Driver license',863579926,"1984-08-08",'Queen','Powlowski','Dean'
687,'Driver license',844387468,"2001-01-18",'Gabrielle','Langworth','Erik'
688,'Driver license',605641405,"1990-09-13",'Larissa','Windler','Mose'
689,'Certificate of replacement passport',699622632,"2000-12-04",'Dan','VonRueden','Williams'
690,'Driver license',528804803,"1996-01-01",'Sean','Kuhlman','Jonah'
691,'Driver license',903933064,"2004-04-27",'Barrett','Stroman','Joel'
692,'Passport',489653223,"1987-04-15",'Tyson','Ward','Stanley'
693,'Driver license',224239466,"1986-03-09",'David','Becker','Johnny'
694,'Driver license',368898491,"1999-01-22",'Gavin','Deckow','Gerry'
695,'Certificate of replacement passport',629422479,"1980-06-28",'Virgen','Schinner','Bart'
696,'Certificate of replacement passport',537734792,"1998-09-28",'Elisa','Jenkins','Giuseppe'
697,'Passport',993975476,"1996-03-25",'Alan','Streich','Rene'
698,'Driver license',439052891,"1985-05-12",'Adeline','Bergstrom','Quintin'
699,'Certificate of replacement passport',710630946,"1989-12-23",'Ian','VonRueden','Tracy'
700,'Certificate of replacement passport',225698472,"2001-02-15",'Reid','Nicolas','Rupert'
701,'Certificate of replacement passport',176609088,"1982-10-21",'Jasmine','Ryan','Sydney'
702,'Certificate of replacement passport',411232290,"1991-08-16",'Maybell','Deckow','Nicholas'
703,'Driver license',271828237,"1998-03-10",'Aron','Denesik','Gustavo'
704,'Passport',162818486,"1997-05-07",'Desmond','Dibbert','Brooks'
705,'Driver license',370051253,"1982-11-18",'Johnette','Nikolaus','Richard'
706,'Certificate of replacement passport',925732390,"1987-06-30",'Edris','Collier','Walton'
707,'Driver license',540853920,"2004-02-17",'Mavis','Abbott','Kendall'
708,'Driver license',234023093,"1992-04-30",'John','Schiller','Wilford'
709,'Certificate of replacement passport',531542960,"2004-06-29",'Elaine','Kuhic','Julio'
710,'Driver license',710205965,"1992-08-13",'Leonard','Grimes','Zachariah'
711,'Passport',606379508,"1995-12-30",'Billy','Parker','Man'
712,'Passport',401476460,"1985-04-29",'Allen','Connelly','Abdul'
713,'Certificate of replacement passport',556838387,"1993-06-11",'Stefani','Roob','Darren'
714,'Passport',151672371,"1999-02-07",'Dennis','McClure','Demarcus'
715,'Certificate of replacement passport',579294462,"1998-01-13",'Juliann','Stiedemann','Boyce'
716,'Certificate of replacement passport',969226666,"1993-10-07",'Evangelina','Stoltenberg','Colby'
717,'Certificate of replacement passport',507928668,"1991-10-26",'Hanna','Batz','Jean'
718,'Certificate of replacement passport',350413483,"2002-01-28",'Marina','Friesen','Patrick'
719,'Certificate of replacement passport',668386802,"1995-08-02",'Alonzo','Swaniawski','Tommy'
720,'Certificate of replacement passport',166747587,"2003-09-13",'Rudy','Lind','Steve'
721,'Passport',235700289,"1986-07-26",'Lucina','Schuppe','Miles'
722,'Driver license',733926379,"1995-05-25",'Kristofer','Vandervort','Milford'
723,'Certificate of replacement passport',815902763,"1981-12-19",'Marcelo','Flatley','Victor'
724,'Certificate of replacement passport',471646619,"1985-01-25",'Elliot','Jacobs','Noah'
725,'Certificate of replacement passport',332281817,"1980-01-24",'Tricia','Stark','Lauren'
726,'Certificate of replacement passport',834285506,"1995-01-29",'Desire','Kuhn','Raphael'
727,'Certificate of replacement passport',649811165,"1998-05-04",'Luella','Mueller','Alejandro'
728,'Driver license',374718423,"1982-07-17",'Karl','Kuphal','Titus'
729,'Driver license',840343205,"1980-07-08",'Detra','Prohaska','Andrew'
730,'Certificate of replacement passport',129442215,"1989-12-28",'Edmond','Bernhard','Harley'
731,'Driver license',654166657,"1980-01-22",'Karyn','Keeling','Tyree'
732,'Driver license',929349187,"1987-12-31",'Kelly','Hoppe','Buford'
733,'Passport',694740398,"1984-09-02",'Adolph','Parker','Nestor'
734,'Driver license',322516049,"2002-11-01",'Reinaldo','Huel','Otto'
735,'Passport',580401316,"1984-08-08",'Earleen','Cummings','Tyrone'
736,'Certificate of replacement passport',531976693,"1981-09-26",'Lurlene','Jacobi','Felton'
737,'Certificate of replacement passport',753033329,"1993-08-23",'Dana','Nolan','Horacio'
738,'Certificate of replacement passport',412635217,"1993-04-26",'Salvador','Jacobs','Wilson'
739,'Driver license',705222992,"2004-06-06",'Ray','Cremin','Oscar'
740,'Driver license',360100695,"1980-07-15",'Janet','Kassulke','Thanh'
741,'Certificate of replacement passport',335638916,"1994-07-18",'Tracey','Fisher','Antony'
742,'Passport',344939924,"1980-06-21",'Pasquale','Klein','Terrell'
743,'Passport',721919246,"1990-03-08",'Augustina','Rath','Guadalupe'
744,'Certificate of replacement passport',818121658,"2003-05-29",'Lester','Zemlak','Marlin'
745,'Certificate of replacement passport',334168857,"2001-03-31",'Willy','Parisian','Diego'
746,'Certificate of replacement passport',401391076,"2002-05-10",'Pinkie','Conroy','Zachariah'
747,'Passport',368375334,"1991-02-09",'Walker','Marks','Anderson'
748,'Driver license',639086827,"1991-07-30",'Amos','Senger','Kyle'
749,'Passport',563140457,"1993-07-17",'Lorina','O'Reilly','Phil'
750,'Passport',363221209,"1982-07-30",'Sherell','Marks','Ronny'
751,'Driver license',879629101,"1992-03-03",'Cornelius','Lehner','George'
752,'Driver license',673048921,"1988-08-25",'Blanca','Boehm','Eusebio'
753,'Driver license',764909400,"1983-02-04",'Milda','Schaden','Winston'
754,'Certificate of replacement passport',405673285,"2000-08-07",'Maryanne','Kautzer','Domenic'
755,'Driver license',321417351,"1989-11-11",'German','Lockman','Benton'
756,'Passport',177679131,"2002-07-01",'Emmitt','Kris','Victor'
757,'Certificate of replacement passport',821321065,"1988-10-18",'Arturo','Nitzsche','Jimmy'
758,'Certificate of replacement passport',652087488,"1990-08-20",'Adolph','Predovic','Terrence'
759,'Driver license',206794947,"1983-09-30",'Kit','Hintz','Sterling'
760,'Passport',364320402,"2003-09-10",'Lakita','Kling','Daren'
761,'Certificate of replacement passport',575433155,"1980-05-11",'Adam','Barton','Chas'
762,'Passport',139851233,"1990-08-09",'Connie','Keebler','Leigh'
763,'Certificate of replacement passport',312346488,"1991-02-06",'Kennith','Little','Arnold'
764,'Certificate of replacement passport',217340928,"1988-11-07",'Marvella','Nolan','Malik'
765,'Certificate of replacement passport',717824422,"2001-01-21",'Santo','Mertz','David'
766,'Passport',211256577,"2000-08-21",'Aurelio','Schmitt','Spencer'
767,'Passport',364968837,"1986-12-30",'Mamie','Parker','Hayden'
768,'Driver license',488145100,"2000-08-16",'Lashon','Turner','Thurman'
769,'Passport',735447859,"1980-02-04",'Mac','Harvey','Emmett'
770,'Certificate of replacement passport',238631595,"1986-09-03",'Jarred','Simonis','Jay'
771,'Driver license',560960828,"1991-06-15",'Peter','Lemke','Sheldon'
772,'Certificate of replacement passport',654562198,"1990-04-30",'Karine','Ebert','Asa'
773,'Certificate of replacement passport',903882013,"1980-07-04",'Sun','Reinger','Jamar'
774,'Certificate of replacement passport',598862577,"1998-04-21",'Harold','Konopelski','Rocco'
775,'Passport',462165350,"2004-02-17",'Rosita','Windler','Hank'
776,'Passport',947756495,"1981-06-08",'Maynard','Halvorson','Reuben'
777,'Passport',438214166,"1984-08-16",'Edwin','Leffler','Gale'
778,'Certificate of replacement passport',812005555,"1991-08-30",'Florene','Rutherford','Benny'
779,'Driver license',275935341,"1980-03-31",'Bennie','Konopelski','Kyle'
780,'Driver license',785451721,"2001-05-05",'Madonna','Schinner','Rolando'
781,'Passport',764197696,"2003-05-15",'Milton','Terry','Franklin'
782,'Certificate of replacement passport',747458567,"2003-02-23",'Owen','Hamill','Mitch'
783,'Driver license',867776602,"1998-11-30",'Adina','Robel','Giuseppe'
784,'Driver license',518494209,"1997-06-13",'Vonnie','Kreiger','Gilberto'
785,'Certificate of replacement passport',674040023,"1980-08-26",'Mae','Schuppe','Reyes'
786,'Driver license',942251184,"1983-08-27",'Carter','Shanahan','Clark'
787,'Driver license',709936987,"1997-09-09",'Alejandra','Okuneva','Warner'
788,'Passport',423742002,"1995-11-27",'Zachary','Nitzsche','Arnoldo'
789,'Passport',371934211,"1997-04-17",'Arianna','Thompson','Allen'
790,'Driver license',292859645,"1988-02-21",'Pedro','Orn','Micheal'
791,'Driver license',499009926,"1999-09-05",'Victor','Frami','Tom'
792,'Driver license',125075491,"1995-05-25",'Nannette','Feil','Michel'
793,'Passport',618032778,"1983-06-26",'Edwardo','Anderson','Brant'
794,'Passport',445578237,"1998-01-02",'Roman','Steuber','Collin'
795,'Driver license',882057803,"1986-05-05",'Roscoe','Nikolaus','Andreas'
796,'Certificate of replacement passport',680605127,"1989-12-29",'Christy','Spencer','Enrique'
797,'Certificate of replacement passport',909915145,"2003-07-18",'Terresa','Reynolds','Jeremy'
798,'Passport',969127833,"1989-04-05",'Edison','Jast','Ward'
799,'Driver license',403701554,"2002-10-11",'Douglass','Hermiston','Jermaine'
800,'Driver license',797563550,"1980-01-29",'Guy','Blanda','Augustus'
801,'Driver license',344032333,"1992-08-03",'Kristin','Mohr','Avery'
802,'Certificate of replacement passport',761304728,"2004-06-14",'Francisco','Sawayn','Kasey'
803,'Passport',886733597,"1989-09-04",'Bernadette','Labadie','Rory'
804,'Passport',831633550,"1991-04-09",'Marlon','Raynor','Fred'
805,'Certificate of replacement passport',602465775,"2001-07-25",'Justin','Sawayn','Vincenzo'
806,'Passport',806450060,"1989-08-07",'Tomasa','Kulas','Emmitt'
807,'Passport',895295796,"2004-03-10",'Josiah','Runte','Barrett'
808,'Passport',801582901,"1984-05-19",'Alisha','Corkery','Eusebio'
809,'Driver license',971427381,"1996-04-03",'Johnetta','Reinger','Ricky'
810,'Certificate of replacement passport',924270839,"1983-10-16",'Christi','Wyman','Britt'
811,'Driver license',351164062,"1984-07-17",'Rashad','Goyette','Dee'
812,'Passport',990582443,"1981-05-06",'Georgene','Mosciski','Leif'
813,'Driver license',711860641,"1986-12-13",'Tammera','Johnston','Tony'
814,'Driver license',424797505,"1991-08-29",'Marion','Lockman','Jamie'
815,'Passport',140336858,"1993-06-27",'Marlin','Towne','Rico'
816,'Certificate of replacement passport',889836813,"1990-01-08",'Sherrie','Bechtelar','Milton'
817,'Passport',341737671,"2001-11-14",'Roseanna','Skiles','Roman'
818,'Certificate of replacement passport',246530257,"1995-09-19",'Jimmie','Ryan','Jonathan'
819,'Passport',805718656,"1983-07-01",'Franklin','Mertz','Percy'
820,'Passport',707179687,"2000-07-08",'Athena','Sipes','Scott'
821,'Passport',727868408,"1999-08-13",'Kristyn','Oberbrunner','Wilmer'
822,'Passport',497090218,"1995-06-26",'Kyle','Stracke','Eli'
823,'Passport',354059944,"1982-03-16",'Keri','Zemlak','Jarrett'
824,'Certificate of replacement passport',585007046,"1992-08-01",'Zetta','Ankunding','Collin'
825,'Driver license',933973815,"1994-02-10",'Monte','O'Keefe','Daniel'
826,'Passport',468593709,"1980-12-19",'Taryn','Raynor','Terrance'
827,'Certificate of replacement passport',943411236,"2000-07-02",'Velda','Hettinger','Kyle'
828,'Passport',775899902,"1984-07-13",'Celine','Romaguera','Jasper'
829,'Driver license',587899046,"1984-01-17",'Phoebe','DuBuque','Arnulfo'
830,'Driver license',527188588,"2002-03-06",'Delena','Rogahn','Titus'
831,'Passport',947704579,"1998-01-07",'Clarence','Renner','Allan'
832,'Driver license',109157526,"1994-03-19",'Rosita','Reichel','Bennett'
833,'Certificate of replacement passport',466621418,"2004-05-03",'Zachery','Kuphal','Willis'
834,'Certificate of replacement passport',680958965,"1980-04-19",'Sadie','Stanton','Ernesto'
835,'Certificate of replacement passport',202835505,"1995-07-06",'Rafael','Schinner','Francis'
836,'Passport',203442020,"2003-07-17",'Malvina','Kuphal','Gayle'
837,'Driver license',392115315,"1988-10-08",'Gonzalo','Hartmann','Giuseppe'
838,'Passport',228848053,"2003-07-01",'Arron','Dach','Cary'
839,'Driver license',902769484,"1989-08-17",'Argelia','Hilll','Willy'
840,'Certificate of replacement passport',570566052,"2001-07-14",'Rodney','Crona','Mitchell'
841,'Passport',801485999,"1990-07-15",'Dallas','Johns','Lindsey'
842,'Certificate of replacement passport',763522321,"1981-12-01",'Else','Hettinger','Erin'
843,'Passport',220831288,"2000-05-03",'Dallas','Stamm','Jasper'
844,'Passport',706917500,"1995-11-02",'Shaneka','Walter','Jed'
845,'Driver license',174506346,"1990-03-25",'Rodrick','Cole','Clark'
846,'Driver license',467349213,"1998-12-10",'Santos','Terry','Marion'
847,'Passport',496465686,"1990-10-14",'Armand','Koelpin','Josh'
848,'Driver license',335651572,"1991-11-01",'Clifton','Russel','Edmund'
849,'Passport',539319693,"1985-01-19",'Stacy','Welch','Jacinto'
850,'Passport',361897337,"1983-03-07",'Audra','Borer','Donovan'
851,'Passport',973947025,"1990-07-13",'Nenita','Strosin','Todd'
852,'Passport',227170666,"1983-02-28",'Robena','Jenkins','Johnson'
853,'Driver license',131173085,"1987-10-11",'Joleen','Weimann','Boris'
854,'Certificate of replacement passport',504080977,"1986-07-12",'Claud','King','Kenny'
855,'Certificate of replacement passport',656060634,"1999-06-11",'Jillian','Predovic','Lucas'
856,'Passport',570978089,"1982-08-21",'Janene','Dare','Malcom'
857,'Certificate of replacement passport',360973397,"2001-07-14",'Ronda','Tillman','Cornell'
858,'Passport',145231523,"2002-03-24",'Virginia','Doyle','Aubrey'
859,'Passport',548635784,"1980-01-26",'Theodore','Bergstrom','Theron'
860,'Certificate of replacement passport',534412081,"1995-02-24",'Jean','Bogan','Trent'
861,'Passport',233012999,"2000-12-04",'Rozanne','Jakubowski','Frederick'
862,'Passport',608136751,"1997-02-27",'Stephania','Koepp','Reginald'
863,'Driver license',571668332,"1988-10-17",'Iva','Prosacco','Weldon'
864,'Certificate of replacement passport',686604911,"1988-05-20",'Shena','Mayer','Eduardo'
865,'Passport',226181253,"1989-11-13",'Clayton','Gutmann','Maynard'
866,'Certificate of replacement passport',929532195,"1999-05-29",'Genoveva','Greenholt','Ricky'
867,'Passport',577664412,"2002-03-07",'Taylor','Erdman','Burton'
868,'Driver license',567087112,"1997-10-30",'Laverne','Durgan','Andres'
869,'Passport',338991540,"1989-12-18",'Roland','Anderson','Carl'
870,'Driver license',358876854,"1988-01-07",'Lesia','Bradtke','Garry'
871,'Certificate of replacement passport',430878688,"2002-01-30",'Kirby','Jast','Edwardo'
872,'Passport',978893127,"2004-04-05",'Toya','Adams','Brady'
873,'Driver license',913197822,"2004-03-07",'Minerva','Collins','Alfredo'
874,'Driver license',658338475,"1992-09-21",'Deanne','Goodwin','Ernie'
875,'Driver license',471715478,"1992-03-14",'Wilton','Pacocha','Elwood'
876,'Driver license',183923985,"1989-05-08",'Eddy','Lueilwitz','Keith'
877,'Passport',495806704,"2001-07-29",'Theresia','Brakus','Fausto'
878,'Driver license',984995489,"1990-08-08",'Lessie','Bogan','Rogelio'
879,'Passport',691468036,"1998-09-21",'Jacque','Mante','Randolph'
880,'Driver license',694085608,"2004-10-18",'Alberto','Leffler','Alexander'
881,'Driver license',573058630,"1993-04-27",'Joel','Dach','Maurice'
882,'Certificate of replacement passport',217706666,"1990-10-17",'Keith','Ward','George'
883,'Driver license',415613927,"1987-01-22",'Kala','Mraz','Scott'
884,'Passport',536067828,"1995-06-18",'Dario','Emmerich','Ramon'
885,'Certificate of replacement passport',995920470,"1988-09-14",'Nery','Lowe','Howard'
886,'Passport',400117074,"1987-03-29",'Fidelia','Champlin','Dexter'
887,'Passport',483539117,"2001-06-22",'Myrtice','Hirthe','Waldo'
888,'Certificate of replacement passport',813320045,"1986-03-28",'Eugene','Reinger','Earnest'
889,'Passport',931014909,"1996-06-25",'Karry','Stamm','Columbus'
890,'Passport',395223816,"1991-03-09",'Matthew','Flatley','Sung'
891,'Passport',403656037,"1981-07-04",'Aldo','Waelchi','Neal'
892,'Certificate of replacement passport',367622031,"1992-09-19",'Elene','Heller','Noah'
893,'Certificate of replacement passport',201676415,"1991-06-25",'Freeda','Gusikowski','Bruno'
894,'Certificate of replacement passport',730080149,"1989-02-28",'John','Hoeger','Adolph'
895,'Driver license',440608784,"2000-10-17",'Kenneth','Tremblay','Benny'
896,'Driver license',298178841,"1984-09-10",'Gilbert','Cartwright','Raymon'
897,'Certificate of replacement passport',386010116,"1987-06-20",'Ione','Reynolds','Marcelo'
898,'Driver license',341159900,"2002-09-23",'Heath','Schmitt','Gary'
899,'Driver license',914661065,"2004-08-23",'Antonio','Kuhn','Tuan'
900,'Passport',414867741,"1991-11-13",'Maurice','Tremblay','Hal'
901,'Certificate of replacement passport',178966582,"2002-01-19",'Sol','Morissette','Bennie'
902,'Passport',156218381,"1995-09-11",'Jimmy','Maggio','Chauncey'
903,'Certificate of replacement passport',487232069,"1989-04-12",'Martine','McGlynn','Sebastian'
904,'Passport',332360162,"1993-07-01",'Dexter','Brown','Robin'
905,'Driver license',503803515,"1991-09-26",'Peter','West','Mose'
906,'Driver license',501435593,"1994-08-04",'Shemeka','Pollich','Kurtis'
907,'Driver license',371036554,"1985-04-04",'Cletus','Ritchie','Ken'
908,'Driver license',398378865,"1982-10-01",'Del','Dickens','Randell'
909,'Passport',709895540,"1995-09-11",'Kera','Ruecker','Alec'
910,'Certificate of replacement passport',890936265,"1993-02-26",'Osvaldo','Borer','Hans'
911,'Driver license',174610497,"1984-08-20",'Chong','Johns','Nestor'
912,'Driver license',732081068,"1986-08-12",'Jennette','Oberbrunner','Jayson'
913,'Passport',960480023,"1989-10-14",'Tobias','Von','Alphonso'
914,'Driver license',103750472,"2001-09-18",'Fred','Schumm','Edmond'
915,'Passport',114969739,"1985-01-02",'Nathanael','Douglas','Karl'
916,'Passport',383835437,"2004-11-14",'Raisa','Homenick','Cornelius'
917,'Passport',405091907,"1998-04-23",'Rigoberto','Nienow','Ashley'
918,'Passport',414870704,"1988-12-30",'Major','Hickle','Andrea'
919,'Certificate of replacement passport',108652022,"1990-01-11",'Glenn','McLaughlin','Antoine'
920,'Certificate of replacement passport',752029170,"1982-05-19",'Lavonne','Lynch','Jerald'
921,'Driver license',459700608,"1984-08-14",'Felica','Beier','Kirby'
922,'Passport',458055458,"1980-11-04",'Grover','Lind','Juan'
923,'Certificate of replacement passport',525726077,"1987-03-27",'Jeanna','Rath','Dewitt'
924,'Passport',380315964,"1983-10-26",'Soon','Hintz','James'
925,'Passport',102089276,"2002-12-04",'Mona','Konopelski','Rafael'
926,'Certificate of replacement passport',941603082,"1992-03-25",'Eun','Ondricka','Corey'
927,'Passport',756692430,"2004-10-03",'Nidia','Dooley','Malcolm'
928,'Passport',799534533,"1981-07-21",'Lucille','Zieme','Son'
929,'Passport',372224645,"1997-11-10",'Keven','Brown','Delbert'
930,'Passport',359464942,"1986-08-10",'Arlene','Abbott','Cortez'
931,'Driver license',732325943,"2003-05-15",'Kati','Waters','Raul'
932,'Driver license',740315567,"2004-04-15",'Shalon','Emard','Ty'
933,'Driver license',366783565,"2000-06-19",'Shantelle','Denesik','Rupert'
934,'Passport',494140794,"2002-06-20",'Nanette','Jerde','Curtis'
935,'Passport',903203761,"1980-03-08",'Nathaniel','Rohan','William'
936,'Driver license',201309969,"1999-12-27",'Katlyn','Hyatt','Jesse'
937,'Driver license',548553493,"1987-12-29",'Yong','McGlynn','Josiah'
938,'Driver license',452849685,"1999-07-06",'Wade','Hodkiewicz','Lesley'
939,'Certificate of replacement passport',356093900,"1992-09-19",'Blaine','Lind','Percy'
940,'Passport',182638078,"2003-02-22",'Maryln','Block','Antone'
941,'Certificate of replacement passport',102251468,"1990-05-11",'Xiomara','Jacobson','Clay'
942,'Driver license',969976251,"1992-12-17",'Wade','Barrows','Barton'
943,'Driver license',479797737,"1996-12-02",'Marlo','Leffler','Tory'
944,'Certificate of replacement passport',557026843,"1993-06-19",'Hyman','Wolff','Wiley'
945,'Passport',517467338,"2001-02-16",'Jayson','Paucek','Arnoldo'
946,'Driver license',568652238,"1992-02-24",'Wiley','Cremin','Leland'
947,'Passport',709467708,"1985-04-20",'Emerson','Herzog','Mickey'
948,'Driver license',926111983,"1989-08-10",'Tona','Rau','Clint'
949,'Driver license',661667540,"1999-08-29",'Thalia','Feil','Barry'
950,'Driver license',743460328,"2000-02-12",'Kandi','Botsford','Ike'
951,'Certificate of replacement passport',828119467,"1989-03-22",'Rafael','Toy','Justin'
952,'Certificate of replacement passport',362071110,"2002-09-25",'Dewayne','Medhurst','Ignacio'
953,'Passport',344498482,"1991-11-21",'Morton','Lang','Elvis'
954,'Driver license',476171150,"2004-02-19",'Bruno','O'Kon','Darrell'
955,'Driver license',769829198,"1999-04-03",'Kali','Pfannerstill','Gino'
956,'Certificate of replacement passport',862510821,"1997-06-15",'Valentin','Rice','Adan'
957,'Passport',898465733,"2003-04-05",'Palmer','Robel','Terence'
958,'Driver license',163684820,"2002-06-13",'Verena','Sporer','Omer'
959,'Driver license',959051977,"1982-08-06",'Addie','O'Hara','Virgilio'
960,'Driver license',887048351,"1992-11-09",'Demarcus','VonRueden','Floyd'
961,'Certificate of replacement passport',160641637,"1984-10-03",'Soon','Klein','Rogelio'
962,'Driver license',631984141,"1983-02-13",'Maia','Roob','Eugene'
963,'Driver license',222258612,"1995-02-05",'Brian','Hilll','Garret'
964,'Certificate of replacement passport',397586999,"1996-10-21",'Walter','Feest','Doug'
965,'Passport',568394419,"1995-02-17",'Chad','Bednar','Moshe'
966,'Driver license',913494819,"2003-10-17",'Les','Strosin','Terrence'
967,'Passport',471593541,"1988-06-21",'Yesenia','Konopelski','Rueben'
968,'Certificate of replacement passport',687205541,"1992-08-27",'Margery','Rogahn','Lyndon'
969,'Driver license',420979168,"1995-10-28",'Kerstin','Dooley','Rigoberto'
970,'Passport',696578024,"2002-05-17",'Brandon','Muller','Michel'
971,'Passport',386088901,"1987-01-27",'Pauletta','Cronin','Bruno'
972,'Driver license',735312916,"2004-10-28",'Lai','Jerde','Thomas'
973,'Certificate of replacement passport',442216646,"1980-06-26",'Vern','Wuckert','Kristofer'
974,'Passport',536583487,"1983-07-30",'Mitch','Hills','Dick'
975,'Passport',101818129,"1980-05-22",'Ashly','Hickle','Elliott'
976,'Driver license',699080770,"1983-01-15",'Miquel','Brekke','Raymundo'
977,'Passport',804268061,"2001-11-13",'Daisey','Moen','Dong'
978,'Driver license',729275543,"1993-02-01",'Isaac','Nienow','Guillermo'
979,'Certificate of replacement passport',657098151,"1996-06-16",'Bernardo','Stanton','Bertram'
980,'Certificate of replacement passport',985267122,"1994-08-18",'Sterling','Ziemann','Eldridge'
981,'Driver license',505542119,"1987-11-19",'Darius','Rohan','Randolph'
982,'Passport',607360638,"1990-12-29",'Annie','Wisoky','Dexter'
983,'Passport',875285415,"2000-04-25",'Ehtel','Marks','Royal'
984,'Passport',114828086,"2001-06-22",'Travis','Crona','Dexter'
985,'Passport',706292961,"1981-12-01",'Timmy','Vandervort','Darrel'
986,'Driver license',595005303,"1989-12-26",'Porsha','Swift','Carmelo'
987,'Driver license',599087361,"1995-05-17",'Kenton','Beatty','Neil'
988,'Passport',648352546,"2000-01-11",'Virgil','Wuckert','Grover'
989,'Driver license',710966419,"1982-11-25",'Zana','Mann','Jerrod'
990,'Driver license',272239540,"2003-06-17",'Chiquita','Wisozk','Trinidad'
991,'Driver license',899687068,"1999-05-26",'Ellsworth','Schuster','Jerome'
992,'Driver license',607112550,"1995-05-23",'Jonah','Welch','Scot'
993,'Certificate of replacement passport',384637300,"1991-03-25",'Twanna','Strosin','Cleo'
994,'Passport',658922826,"2001-11-30",'Kimbra','Lehner','Deangelo'
995,'Passport',945596738,"1987-05-25",'Arlean','Johnston','Trent'
996,'Certificate of replacement passport',219822883,"2003-04-07",'Deandrea','Reichel','Lonny'
997,'Passport',336395732,"1983-03-17",'Karin','Walter','Renaldo'
998,'Driver license',285520080,"1993-07-16",'Christiane','Ullrich','Johnson'
999,'Certificate of replacement passport',457337541,"1992-11-19",'Robert','Rice','Rico'
1000,'Passport',263913415,"1991-11-03",'Carlyn','Boehm','Antwan'