"travel_agency_id","title","city","promo_code"
1,NULL,NULL,NULL
2,'local area network','South Kurt','B0002XUV3G'
3,'Organized','Quincystad','B0002X4OIY'
4,'Fully-configurable','Welchshire','B0000DHCHM'
5,'knowledge base','South Bernie','B000GT9P4C'
6,'installation','West Salport','B0000DHF4M'
7,'mission-critical','Jimmyhaven','B000GWKIMC'
8,'Reactive','Daremouth','B000FFAGDG'
9,'Decentralized','New Bobland','B000ARBM9G'
10,'interface','Hettingerville','B000J2NMGS'
11,'disintermediate','East Nick','B000KBAL6W'
12,'secondary','New Kathaleenshire','B000A3T3LY'
13,'model','North Kim','B00079UXEC'
14,'Multi-lateral','Ozziestad','B000IBJ3OA'
15,'alliance','West Beatrice','B00067Q9HK'
16,'strategy','Blockview','B0000AATPM'
17,'Multi-lateral','North Saranside','B000HW5FFG'
18,'Team-oriented','Isaacbury','B000A4YC14'
19,'solution-oriented','South Barneybury','B000A6PMBG'
20,'real-time','Lake Shadfort','B000G1CIH6'
21,'Expanded','Braunhaven','B000ITBS40'
22,'demand-driven','Rohanmouth','B000NKSTVO'
23,'incremental','West Bruna','B000A1AUBI'
24,'didactic','Hansenchester','B000AMNV8G'
25,'even-keeled','Lake Calista','B000AOVECO'
26,'fresh-thinking','Lake Delbert','B000BOIITU'
27,'executive','South Nickyview','B000JS9C70'
28,'encryption','West Ahmad','B00067PATS'
29,'Automated','Weimannmouth','B00025DRIA'
30,'Switchable','Lashundaborough','B0000VFDCY'
31,'Universal','Lake Ilana','B000HW5FFG'
32,'background','Lillybury','B000BNLKWS'
33,'bandwidth-monitored','East Georgeberg','B0000DIIQA'
34,'impactful','East Collinstad','B000CENBP0'
35,'extranet','Agustinberg','B000H4CQYM'
36,'static','South Hortencia','B000BKCYUS'
37,'Organized','Croninstad','B000IATJEU'
38,'Polarised','North Aldo','B000NQLULE'
39,'Reactive','Tremblaystad','B000IAQ8YO'
40,'Pre-emptive','Hillsland','B0002XCH2E'
41,'application','North Alyseburgh','B000FTBJGA'
42,'tangible','Harrismouth','B000BSH87O'
43,'composite','Kuphalburgh','B000AR9H5C'
44,'software','Powlowskiburgh','B000IAPR0U'
45,'knowledge base','Boehmport','B000LCZCRS'
46,'hybrid','Ziemannbury','B000NQLULE'
47,'Organic','New Lloyd','B000GTYMOK'
48,'Enhanced','Spinkaview','B000Q313FC'
49,'data-warehouse','Runtestad','B0002GM6DQ'
50,'hybrid','Kertzmannstad','B000662ADI'
51,'monitoring','New Tommie','B000J3401I'
52,'Customer-focused','East Bennett','B000A6QSTG'
53,'Total','East Lamontstad','B00000AQ4N'
54,'flexibility','Stehrland','B000B7722Q'
55,'Compatible','West Danny','B000N5HN3Y'
56,'Distributed','Prohaskaberg','B000A2LQ2O'
57,'upward-trending','Cartwrightmouth','B000AA5SMU'
58,'service-desk','Wuckertmouth','B000PLUEEQ'
59,'solution','Mantechester','B000J2NMGS'
60,'real-time','South Karl','B000Q6Y34W'
61,'attitude-oriented','Terrenceview','B000GTFRX0'
62,'value-added','Port Andrewmouth','B000JZZHEU'
63,'methodical','South Harry','B0007Z6B42'
64,'Optional','Chiekostad','B000JKKCMW'
65,'mission-critical','Cassinmouth','B000HW5FFG'
66,'hardware','New Lorenzo','B000N5FYO4'
67,'Robust','Keriburgh','B000H3HHOM'
68,'transitional','Corwinfurt','B00067PLD8'
69,'groupware','West Terrence','B000JKKCMW'
70,'Organic','Vikiport','B0000008XW'
71,'intangible','Mohammadfurt','B000A6LR6K'
72,'neural-net','Collinsbury','B000HVZOOO'
73,'Streamlined','Osvaldoview','B0000AATPM'
74,'Distributed','Bergstromchester','B000BIWQNA'
75,'mobile','East Jeffreystad','B000BUYO60'
76,'actuating','Port Altagracia','B000BHE134'
77,'Realigned','Partheniaview','B0002BXBEY'
78,'hierarchy','Steuberview','B0000DEC3S'
79,'Multi-layered','East Sung','B000AOMPAY'
80,'Advanced','Botsfordbury','B000BJ0KBO'
81,'Grass-roots','Lake Nicole','B000A2NVLS'
82,'value-added','Lesland','B000PAOCOU'
83,'6th generation','Dibberthaven','B0002GMWEO'
84,'asymmetric','Lake Jaimie','B0002RTXMM'
85,'paradigm','Hillstown','B000HU5ZIA'
86,'Innovative','Darrellfurt','B0000DFUHY'
87,'Profound','Turnerhaven','B0000DGXE8'
88,'background','Raynorland','B000BFMIY0'
89,'encompassing','South Jacinto','B000662QI2'
90,'5th generation','New Lissetteview','B00019774M'
91,'Stand-alone','New Merlyn','B00079UXEC'
92,'maximized','East Hannah','B000A2SVXQ'
93,'Extended','Miguelburgh','B0002SUQUY'
94,'national','Lake Dongfurt','B000BJ8TIA'
95,'Horizontal','East Gracie','B0001DJWXW'
96,'Organized','South Edelmira','B000HU7P92'
97,'multi-tasking','Monicatown','B000FTBJGA'
98,'Proactive','Lake Emileemouth','B0000VFDCY'
99,'monitoring','Danielmouth','B000BOIITU'
100,'middleware','Lake Erasmo','B000A6LSXW'